Token ID, Address
0, 0xeAd2c66E09B3781CF9e0611dABA00421DC26179F
1, 0xdcbeac120C51030a911a93895f7B431E5952CEE6
2, 0x05ca319957633379155a2a9c5b47Eae090B75bB7
3, 0x770048F2B8A972a915b792dc7384FC6714021aD7
4, 0xc099eA0cC5Cf57634446df1537E54Dd70172D5B0
5, 0xA4895B20CdE73C333549aB9aF67bdc4799A31fB3
6, 0xC579CF5b12010Db23735105016573CdA46b64Cc6
7, 0xC579CF5b12010Db23735105016573CdA46b64Cc6
8, 0x32754D057Ee8b789e35C9eF533b9058e129bf982
9, 0x186DeA37Ee7db3EB8c33fa19C4635d5efe2a85F8
10, 0xf0B3bA2bD49c98c4B3Bf7dCC20041e3f4a9f3F46
11, 0x82Fd3d04b25A13c3CC2B172ecb99394AABd05F64
12, 0x17efE5E4A32b7cFEFA5C0cE55458DE0fCD72a480
13, 0xEe50Cfd6C9448c4c52338FA26Bc4682FA6293F83
14, 0x3C2EBB7c2c4ee839c12708c123D6a54F5fbb1562
15, 0xd0A2f14423ede2df5FE66b61419858c8e3baB3a1
16, 0xd0A2f14423ede2df5FE66b61419858c8e3baB3a1
17, 0x63AB8c4cFbF083b045A4Cd1fEf9F186D3803FF69
18, 0xdE077F1757e0ABCd978aa06E8A7E4B49b508E43A
19, 0xdE077F1757e0ABCd978aa06E8A7E4B49b508E43A
20, 0x6Be3783B53E88c3c5b4CF010F660F604e4392AAD
21, 0x3168ad7BEED95C5F58356Ca3c9aA961E57b1b48C
22, 0x3168ad7BEED95C5F58356Ca3c9aA961E57b1b48C
23, 0x50De3e34F0Bed163f732c0170DFB82F542f0A110
24, 0x74b445e44cb757d8AA0C71e28ee940FeF5Af8900
25, 0x9C487BA4872E825CaCdE922688f1B316595eD4da
26, 0xA85736b2CB53e29714a974c4D0e29a19AE0ACd13
27, 0x9E979c8e5145B3B8358d84372180afe4d62A8e73
28, 0x9E979c8e5145B3B8358d84372180afe4d62A8e73
29, 0xCcca61884a19c38eDD9cC8E0bB59e51474E88dE2
30, 0xb2F44039c65CB18522c941Da3a2299197f7bf635
31, 0x0Fc7E383f202eb419fE1c5C3781944485a1Ca5D3
32, 0x79D5c4c333de788De5f748B94Cc513020733d8Ab
33, 0x6B1Ec0D52A43Bc95C353Fe5B5E450520EbDc598d
34, 0x54e4cb8465CAE4831d2Ef336ed0E3Da1F1778efe
35, 0x7CEefFf687F7521B80b39DCCC767c1f20f0b45F1
36, 0xA85736b2CB53e29714a974c4D0e29a19AE0ACd13
37, 0xA85736b2CB53e29714a974c4D0e29a19AE0ACd13
38, 0x38AbE3934630A84dD024146f1a20ADDaa4ECb9a9
39, 0x38AbE3934630A84dD024146f1a20ADDaa4ECb9a9
40, 0xBcA7b4FBA4262a7E369875042d73981921764b30
41, 0x12745885d75983d52853219cA36B17292a98B65f
42, 0x12745885d75983d52853219cA36B17292a98B65f
43, 0xf855adC3fe601EeB452d345332E70F715BA9bD2F
44, 0xee38E54DE56a9d3878267fB26697AdB990947330
45, 0xa38DA4E4EcDff6c5080bF5790F1579416f8791B9
46, 0x17C8376eF49072FE6C7354B0c9869158D9C470a0
47, 0x17C8376eF49072FE6C7354B0c9869158D9C470a0
48, 0x9DfED122B82d3783ff57635046520bb2289bD430
49, 0x9DfED122B82d3783ff57635046520bb2289bD430
50, 0xf855adC3fe601EeB452d345332E70F715BA9bD2F
51, 0xf855adC3fe601EeB452d345332E70F715BA9bD2F
52, 0x47eC6B2B692FDE71172ABeA77Df8097aa950f3e3
53, 0x2129d4F038716b2c99365619791341C9Ff51cC68
54, 0x2129d4F038716b2c99365619791341C9Ff51cC68
55, 0x38C3b803071828780525E5C962927D9Fe70ce0e5
56, 0x56279303949C6A5B67ebec628178869a35492832
57, 0x9C487BA4872E825CaCdE922688f1B316595eD4da
58, 0xF06A576969A806E3B822AEC9749a8113C6b33C67
59, 0xeBf5FFbFA0E3dE2c28e8CF0bc37Fa6e52BF96c1E
60, 0x05ca319957633379155a2a9c5b47Eae090B75bB7
61, 0x05ca319957633379155a2a9c5b47Eae090B75bB7
62, 0x7adDD4F97DF983e15208bA7AE0E028062F605B51
63, 0xd9a80D5A7b91D9A4806E2654D2c0056D338c386a
64, 0x69BbF167395a7087381eA53d15554B5619aFA6b4
65, 0x22FA3ed6D51AF1bF9Ee4D74BAe5496d005ccD067
66, 0xE6eAF29C78590eec67B421d2136655458f5A8675
67, 0xEA9Dded3aC78D3c316B4f1fD906e10BBCdD9A4f1
68, 0xc535329222c1D35f31c2e7314B38e1c85eB2091a
69, 0x790D7FF1555b9b951aeF8c59728AeFe2A326DEa0
70, 0xdF78842e92cc6B3F180772Bb3CC7569440Fe32f2
71, 0x2938865D32f71Bf033ADE022F86B4b2c346d96dD
72, 0xa1D88e8bD92b1a62F7868B9097224d9d9e0a54E8
73, 0x790D7FF1555b9b951aeF8c59728AeFe2A326DEa0
74, 0x0Fc7E383f202eb419fE1c5C3781944485a1Ca5D3
75, 0x6Be3783B53E88c3c5b4CF010F660F604e4392AAD
76, 0xeBf5FFbFA0E3dE2c28e8CF0bc37Fa6e52BF96c1E
77, 0x5D2F4aa362E3F3C7C5486F10383943f16b5920F0
78, 0x5D2F4aa362E3F3C7C5486F10383943f16b5920F0
79, 0x5D2F4aa362E3F3C7C5486F10383943f16b5920F0
80, 0x5D2F4aa362E3F3C7C5486F10383943f16b5920F0
81, 0x695684881d525b241e4624BE6D2Dd4b43e857269
82, 0x695684881d525b241e4624BE6D2Dd4b43e857269
83, 0xA422dEFeEBD4BB37Be9af3270c965194D292a388
84, 0xA422dEFeEBD4BB37Be9af3270c965194D292a388
85, 0xA174C29Dfb49231b1da609af6fCfc2781C7969f6
86, 0xA174C29Dfb49231b1da609af6fCfc2781C7969f6
87, 0xC048226670753063491bA4cF9bfFA4E23585DFdf
88, 0xA1fCfD829dd7c4DE8e27B8E42084FAb3E50Ee069
89, 0xAD1a90048F03B10777BB12e13360D138BeBc80b9
90, 0xAD1a90048F03B10777BB12e13360D138BeBc80b9
91, 0xAD1a90048F03B10777BB12e13360D138BeBc80b9
92, 0xE17273bf7b646EadBC6285273b417fBf630ee87e
93, 0x56Ed477485e7791160fBfF3B25Ab16567ca9535b
94, 0x56Ed477485e7791160fBfF3B25Ab16567ca9535b
95, 0x8871d265a0C8dF287Cf9A76Dd8F6ba513DFdA3B9
96, 0x8871d265a0C8dF287Cf9A76Dd8F6ba513DFdA3B9
97, 0xD3d6b2F32b2a353A7CEb8A3F561028E186b9A960
98, 0xD3d6b2F32b2a353A7CEb8A3F561028E186b9A960
99, 0xf855adC3fe601EeB452d345332E70F715BA9bD2F
100, 0xAD1a90048F03B10777BB12e13360D138BeBc80b9
101, 0xAD1a90048F03B10777BB12e13360D138BeBc80b9
102, 0xc2e7e53f986136DD18c1ade15c1a56f225269A3e
103, 0x1949dcF89be64dF87325c24a613893d8d5ecaa54
104, 0x62e0452e929E00073969D3C7e3CfBa2f7D8A0856
105, 0xBD3e0CbEdfE26450C897321361966e0A52Ad5212
106, 0x3F83Ae65F4169A132f93084Ac697F788e1Ec03fa
107, 0x1949dcF89be64dF87325c24a613893d8d5ecaa54
108, 0x62e0452e929E00073969D3C7e3CfBa2f7D8A0856
109, 0xA85736b2CB53e29714a974c4D0e29a19AE0ACd13
110, 0xB293Ce478862E49Ed0aDA2C755c8abCD43Cc1e4C
111, 0xF1EA9b0A22ac3494Cb74bBC1bb985CF3f091992B
112, 0xdf1c6F94fe16337EA61e726Fa6F268de7268f787
113, 0xee38E54DE56a9d3878267fB26697AdB990947330
114, 0xee38E54DE56a9d3878267fB26697AdB990947330
115, 0xee38E54DE56a9d3878267fB26697AdB990947330
116, 0xc3486e681c6829952646d1FE07Ae79851A1715AE
117, 0xB293Ce478862E49Ed0aDA2C755c8abCD43Cc1e4C
118, 0xB293Ce478862E49Ed0aDA2C755c8abCD43Cc1e4C
119, 0x4ba9ec35B349f4Cd9Ff4753ee17B9b5915d90d49
120, 0x4ba9ec35B349f4Cd9Ff4753ee17B9b5915d90d49
121, 0x630D5ff3Be3c9e889a6eAff52899B48D4e73DD8a
122, 0x7adDD4F97DF983e15208bA7AE0E028062F605B51
123, 0x630D5ff3Be3c9e889a6eAff52899B48D4e73DD8a
124, 0xC1BD676Ab4F3C23DADa946717f6A67162B61AF16
125, 0x630D5ff3Be3c9e889a6eAff52899B48D4e73DD8a
126, 0x630D5ff3Be3c9e889a6eAff52899B48D4e73DD8a
127, 0x253058B7F0fF2C6218dB7569cE1d399F7183E355
128, 0x81c6F7159a48895E327581eDEB8ab6DBd0474b31
129, 0x7a4843fF6B688459A08Db2A896E68D5De84957c8
130, 0x07246c91dBF58dd091821070DD8D06Cc4e0289Bc
131, 0x509199d0da29cc6E704393338d1D79dfC10Cd2fE
132, 0xA23c467B96dC2FFF07a0D5c418825d64352F4c52
133, 0xBcA7b4FBA4262a7E369875042d73981921764b30
134, 0x81c6F7159a48895E327581eDEB8ab6DBd0474b31
135, 0x81c6F7159a48895E327581eDEB8ab6DBd0474b31
136, 0x509199d0da29cc6E704393338d1D79dfC10Cd2fE
137, 0xF2Ef8Aa28EA7E38043D71D6e1aa011030bc31c5c
138, 0xee38E54DE56a9d3878267fB26697AdB990947330
139, 0xccb59210dfd52965cbc43A40905d582E458eCb8b
140, 0xCbf8BFB0b3EC65deBD74e4E5780f86E430FC1f01
141, 0xCbf8BFB0b3EC65deBD74e4E5780f86E430FC1f01
142, 0xEe50Cfd6C9448c4c52338FA26Bc4682FA6293F83
143, 0x2E55cDE9DEE3C62B4091b6D0957826ebFD607Ee6
144, 0x2E55cDE9DEE3C62B4091b6D0957826ebFD607Ee6
145, 0x81c6F7159a48895E327581eDEB8ab6DBd0474b31
146, 0x2E55cDE9DEE3C62B4091b6D0957826ebFD607Ee6
147, 0x2E55cDE9DEE3C62B4091b6D0957826ebFD607Ee6
148, 0x2E55cDE9DEE3C62B4091b6D0957826ebFD607Ee6
149, 0x0AbCbf08bbedB1E5e2a9D911F5CD175193F3ad58
150, 0x2E55cDE9DEE3C62B4091b6D0957826ebFD607Ee6
151, 0xf855adC3fe601EeB452d345332E70F715BA9bD2F
152, 0x2E55cDE9DEE3C62B4091b6D0957826ebFD607Ee6
153, 0x2E55cDE9DEE3C62B4091b6D0957826ebFD607Ee6
154, 0x2E55cDE9DEE3C62B4091b6D0957826ebFD607Ee6
155, 0x499efF50ad0C5088162Ed595ea3Ac199006b7E11
156, 0xcc9ecd906406971F7147272E4b8c861754781787
157, 0xcc9ecd906406971F7147272E4b8c861754781787
158, 0x1Dc4776f7C167292753F2cA634e1AA1072166Ff2
159, 0xC23274347e8Aa82d363140d3cefb71Ff588EfFed
160, 0xf13cA6890e06F40711139c8Bdae7ED7799fBC6D4
161, 0x7f58C60ce6331C4E159F6869380C9DEE5a73E73E
162, 0x7d150DA7c9e0f150CdEf8173eBc5c194a125c0D1
163, 0x7d150DA7c9e0f150CdEf8173eBc5c194a125c0D1
164, 0x46a4735C84EA3960DbbaA6e65B09164e79cDAf2b
165, 0x5CfB1b727B1d7D4d033D5275750d19B072b2763a
166, 0xC979592cF19988c208f3fFA9284d9679c4cc9a59
167, 0xBD3e0CbEdfE26450C897321361966e0A52Ad5212
168, 0xa5b2eE569fF5Fea84261533b5804E69af4227979
169, 0xa5b2eE569fF5Fea84261533b5804E69af4227979
170, 0x45B885FAEbEC0DCa284607e642221a7Bb0EBB34d
171, 0x499efF50ad0C5088162Ed595ea3Ac199006b7E11
172, 0xe693f386a965D8f87B72e43E46E756b362232253
173, 0xe693f386a965D8f87B72e43E46E756b362232253
174, 0xe693f386a965D8f87B72e43E46E756b362232253
175, 0xe693f386a965D8f87B72e43E46E756b362232253
176, 0x8a10bc64f489B19826B1933147596580bff11d79
177, 0x8a10bc64f489B19826B1933147596580bff11d79
178, 0xA55FAfeCf21B6980FbBd78921B3fb47C5dcA9e12
179, 0x63AB8c4cFbF083b045A4Cd1fEf9F186D3803FF69
180, 0xf1b5eccDcD5aab55B5CEEd62b72BAc06eFA72D05
181, 0xa38DA4E4EcDff6c5080bF5790F1579416f8791B9
182, 0x9C487BA4872E825CaCdE922688f1B316595eD4da
183, 0xF8D6c81FC7e1706682e46d27808dEDd09c6BDAbD
184, 0x45B885FAEbEC0DCa284607e642221a7Bb0EBB34d
185, 0x63AB8c4cFbF083b045A4Cd1fEf9F186D3803FF69
186, 0x3428BacD15D15E5C9B8Bb2F9e1445F49aCC8AD17
187, 0xf855adC3fe601EeB452d345332E70F715BA9bD2F
188, 0x2B13824dDa4048D173DcC7B23397AED6eA77d3f0
189, 0x2B13824dDa4048D173DcC7B23397AED6eA77d3f0
190, 0xF46d683fd61cd17aD1E3dC85518aDBb89f2329CB
191, 0xF46d683fd61cd17aD1E3dC85518aDBb89f2329CB
192, 0xF46d683fd61cd17aD1E3dC85518aDBb89f2329CB
193, 0x5D2F4aa362E3F3C7C5486F10383943f16b5920F0
194, 0xF46d683fd61cd17aD1E3dC85518aDBb89f2329CB
195, 0xF46d683fd61cd17aD1E3dC85518aDBb89f2329CB
196, 0xF46d683fd61cd17aD1E3dC85518aDBb89f2329CB
197, 0xF46d683fd61cd17aD1E3dC85518aDBb89f2329CB
198, 0x355B64CdC1e50b2b8127353EDe31F0a0A1054D96
199, 0x355B64CdC1e50b2b8127353EDe31F0a0A1054D96
200, 0x20bCbD5F6F8e1e02a1c255107d5bA0eF080ABefC
201, 0x7E2e243cA79343CC9f486c968bB90434E87161A1
202, 0x7E2e243cA79343CC9f486c968bB90434E87161A1
203, 0x7E2e243cA79343CC9f486c968bB90434E87161A1
204, 0x7E2e243cA79343CC9f486c968bB90434E87161A1
205, 0x6e9beDDb24e876188A8a2c123774e61Fb66E26A5
206, 0x7d352658b7fEC49AFECAe3EB8DEbfD0B0Fc82Bb1
207, 0x471100bD609AC6bDB33a7E5d636D07057B77111A
208, 0xB5A1960AD9A5c1F69567cd3253b461889a03fB80
209, 0xB5A1960AD9A5c1F69567cd3253b461889a03fB80
210, 0x0Feb8c649fbE79e576BCc0857e2aEa7e4359561a
211, 0x0Feb8c649fbE79e576BCc0857e2aEa7e4359561a
212, 0xf5ee2e9684328608F60CfB2fcD9Ae1bdD4D4fB4d
213, 0x582BE2e2d0c99134CC72b9c9b2cBbDEF55E5AE73
214, 0x81c6F7159a48895E327581eDEB8ab6DBd0474b31
215, 0x519f4cC0994aA03b2174f732c658e778458BC650
216, 0x938bDf1D5f2608a1eF5eb7B11819E440160284EA
217, 0xebDFaf558EC660e13ECe678483f1AD2373Fffc15
218, 0xA5f5D78E5D8e6568d856c1Aaf7Df59042F746C90
219, 0x44E6a873B3c6A34863a421F3556ed59039605Ed5
220, 0x71feea315E5026c09dB3E260CDAEC14c3d990b75
221, 0x22F91f636b4c8d8A306a2a7E465fe1eE59dc41F0
222, 0x22F91f636b4c8d8A306a2a7E465fe1eE59dc41F0
223, 0x22F91f636b4c8d8A306a2a7E465fe1eE59dc41F0
224, 0x22F91f636b4c8d8A306a2a7E465fe1eE59dc41F0
225, 0x22F91f636b4c8d8A306a2a7E465fe1eE59dc41F0
226, 0x4B9C53ea3968F5a587D8059c6872962dfE6f22Ea
227, 0xF0111ffb4045e77efeFe5d459A73E6bA60b2c330
228, 0x9C487BA4872E825CaCdE922688f1B316595eD4da
229, 0xc1B6EbB2EDF153A945e36D9024B4a9FacbF410dB
230, 0xc1B6EbB2EDF153A945e36D9024B4a9FacbF410dB
231, 0x414C87E029342433E2645699E7906f1e9B6CDbCE
232, 0xa5b2eE569fF5Fea84261533b5804E69af4227979
233, 0x88451aE13e130627Fb186E539C679688434294Dc
234, 0x88451aE13e130627Fb186E539C679688434294Dc
235, 0x88451aE13e130627Fb186E539C679688434294Dc
236, 0x544c0290A1FFd1da0A755bf2D2571eF0c0782155
237, 0x355B64CdC1e50b2b8127353EDe31F0a0A1054D96
238, 0x9C487BA4872E825CaCdE922688f1B316595eD4da
239, 0x6dcA8483133a13faFc3621A66997756b51Ed7792
240, 0x54e4cb8465CAE4831d2Ef336ed0E3Da1F1778efe
241, 0x1FDA16d5111f639D20ac78b31742b152729b421F
242, 0x980d508c634402E200c6aE56D05df0C9296fA55C
243, 0x45B885FAEbEC0DCa284607e642221a7Bb0EBB34d
244, 0x45B885FAEbEC0DCa284607e642221a7Bb0EBB34d
245, 0x45B885FAEbEC0DCa284607e642221a7Bb0EBB34d
246, 0x45B885FAEbEC0DCa284607e642221a7Bb0EBB34d
247, 0x45B885FAEbEC0DCa284607e642221a7Bb0EBB34d
248, 0x63AB8c4cFbF083b045A4Cd1fEf9F186D3803FF69
249, 0x6f7f56617e4622F5e2AbffbcB32B1e7c23B68777
250, 0xA422dEFeEBD4BB37Be9af3270c965194D292a388
251, 0x35351c9E4E046B11283a3d030794A9FC4b2A655f
252, 0x35351c9E4E046B11283a3d030794A9FC4b2A655f
253, 0xBD895310fAcAb54c4be0663439977Bb694c00eeF
254, 0xDD6432414EDEa734A33570f7b37c2065d3B83888
255, 0x069E3867dC6357E714E42F8cc947890c91839930
256, 0x4D3B23Cf47440C709d9B37Ae37366d3BC8B5889f
257, 0x186DeA37Ee7db3EB8c33fa19C4635d5efe2a85F8
258, 0x4D3B23Cf47440C709d9B37Ae37366d3BC8B5889f
259, 0x81c6F7159a48895E327581eDEB8ab6DBd0474b31
260, 0x186DeA37Ee7db3EB8c33fa19C4635d5efe2a85F8
261, 0x3856707CDA19709e8c76f9b768279Ec11f7119e7
262, 0x7adDD4F97DF983e15208bA7AE0E028062F605B51
263, 0x77b55B5Dc30cc27A6C43f94B5459F9d6B73650e6
264, 0xf1b5eccDcD5aab55B5CEEd62b72BAc06eFA72D05
265, 0x9Cec2f2816676b2552AdE05b8D3f87737060875F
266, 0x9Cec2f2816676b2552AdE05b8D3f87737060875F
267, 0xF6B96ec8B7145Af19ea513d4497BD3f82bF9A5E3
268, 0x1Dc4776f7C167292753F2cA634e1AA1072166Ff2
269, 0xB0b753Bb39bE1EA2ce1561fD6C2830905e975ea3
270, 0x9Cec2f2816676b2552AdE05b8D3f87737060875F
271, 0x6822562be4DaC2A9C39412885A646D4C457C8Ce4
272, 0x9Cec2f2816676b2552AdE05b8D3f87737060875F
273, 0x2A2450Aa9b19C4f26c04790524AeB3CD21E96645
274, 0x63AB8c4cFbF083b045A4Cd1fEf9F186D3803FF69
275, 0x74b445e44cb757d8AA0C71e28ee940FeF5Af8900
276, 0x81c6F7159a48895E327581eDEB8ab6DBd0474b31
277, 0x50De3e34F0Bed163f732c0170DFB82F542f0A110
278, 0x46a4735C84EA3960DbbaA6e65B09164e79cDAf2b
279, 0xE6eAF29C78590eec67B421d2136655458f5A8675
280, 0xbc305CF60c0eFCbA62b5d15d66651C80FE893E24
281, 0x74b445e44cb757d8AA0C71e28ee940FeF5Af8900
282, 0x17efE5E4A32b7cFEFA5C0cE55458DE0fCD72a480
283, 0x74b445e44cb757d8AA0C71e28ee940FeF5Af8900
284, 0xBF81e34641C13B674B764415A1305EC8ea2854be
285, 0xBF81e34641C13B674B764415A1305EC8ea2854be
286, 0x229286806354dF9f97304623315c81408cD5d597
287, 0x5268A4F2D8ef2Bb3b37Db74b6a1701cD5c6A347C
288, 0x509199d0da29cc6E704393338d1D79dfC10Cd2fE
289, 0x509199d0da29cc6E704393338d1D79dfC10Cd2fE
290, 0x0Fc7E383f202eb419fE1c5C3781944485a1Ca5D3
291, 0x81c6F7159a48895E327581eDEB8ab6DBd0474b31
292, 0x56279303949C6A5B67ebec628178869a35492832
293, 0x63AB8c4cFbF083b045A4Cd1fEf9F186D3803FF69
294, 0xBD895310fAcAb54c4be0663439977Bb694c00eeF
295, 0x44d07616dbde197991Ec3B36b2648C25FbB1a127
296, 0x17efE5E4A32b7cFEFA5C0cE55458DE0fCD72a480
297, 0x9C487BA4872E825CaCdE922688f1B316595eD4da
298, 0x50De3e34F0Bed163f732c0170DFB82F542f0A110
299, 0x17efE5E4A32b7cFEFA5C0cE55458DE0fCD72a480
300, 0x417487275239E0f6c5AC79f5D60135eCf118169b
301, 0x2bB6fa46FF9a28b545230A57A73D7c8311E79577
302, 0x17efE5E4A32b7cFEFA5C0cE55458DE0fCD72a480
303, 0xE6eAF29C78590eec67B421d2136655458f5A8675
304, 0x6Be3783B53E88c3c5b4CF010F660F604e4392AAD
305, 0x6Be3783B53E88c3c5b4CF010F660F604e4392AAD
306, 0x1B2f950C4FCC8B25B0bD812CE67a1CAd0960fFf6
307, 0x1B2f950C4FCC8B25B0bD812CE67a1CAd0960fFf6
308, 0x1B2f950C4FCC8B25B0bD812CE67a1CAd0960fFf6
309, 0x9C487BA4872E825CaCdE922688f1B316595eD4da
310, 0x186DeA37Ee7db3EB8c33fa19C4635d5efe2a85F8
311, 0x23b8AD74a89744437FC2C07abD95744e6EaE6d90
312, 0xa5b2eE569fF5Fea84261533b5804E69af4227979
313, 0xa5b2eE569fF5Fea84261533b5804E69af4227979
314, 0x5EC14C088508CE9bbF9B998338E265f858755d21
315, 0x9C487BA4872E825CaCdE922688f1B316595eD4da
316, 0xE50D034d6A1ca58b6fF5180FAee76A483a8A5973
317, 0xcc9ecd906406971F7147272E4b8c861754781787
318, 0xcc9ecd906406971F7147272E4b8c861754781787
319, 0xcc9ecd906406971F7147272E4b8c861754781787
320, 0xBD895310fAcAb54c4be0663439977Bb694c00eeF
321, 0xBD3e0CbEdfE26450C897321361966e0A52Ad5212
322, 0xA85736b2CB53e29714a974c4D0e29a19AE0ACd13
323, 0x1D479e00ff02ddD0828530cf3303f6ebA930D0c8
324, 0xB2285bC9703b4B20A13D9960ad93E10cfF9C3e4c
325, 0x36180E18fa06DF133EFDE0cf96969895Fb96AeaE
326, 0x36180E18fa06DF133EFDE0cf96969895Fb96AeaE
327, 0xf635736bab5f3b2d6c01304192Da098a760770E2
328, 0x34e7935F8Bd3371ab7b4B927c3cB8B0c5A9d2bbF
329, 0x38C3b803071828780525E5C962927D9Fe70ce0e5
330, 0x79eC854e8C5A6D04dBBb340cEf8209fE08B0c7b1
331, 0x38AbE3934630A84dD024146f1a20ADDaa4ECb9a9
332, 0xD40B7c41DC88E3DE7Ea5F80605d02eA192b583Dc
333, 0x769cBc21757FE7466b37965bCB0F6DBe59797551
334, 0x2F78740dd2d260b3Fff102CfA10d451b48b9C746
335, 0x2F78740dd2d260b3Fff102CfA10d451b48b9C746
336, 0x2F78740dd2d260b3Fff102CfA10d451b48b9C746
337, 0x9C487BA4872E825CaCdE922688f1B316595eD4da
338, 0x8dc863127527781b995fa0C41168638e398e9465
339, 0xA422dEFeEBD4BB37Be9af3270c965194D292a388
340, 0xeF8226905FbE8f6C2ea484b197d10F7cdF8d3CD6
341, 0xA422dEFeEBD4BB37Be9af3270c965194D292a388
342, 0xA85736b2CB53e29714a974c4D0e29a19AE0ACd13
343, 0xA85736b2CB53e29714a974c4D0e29a19AE0ACd13
344, 0xA85736b2CB53e29714a974c4D0e29a19AE0ACd13
345, 0xA4895B20CdE73C333549aB9aF67bdc4799A31fB3
346, 0xA4895B20CdE73C333549aB9aF67bdc4799A31fB3
347, 0x99F1752CC889bF59167C5F5c5A68BeB864988f3d
348, 0x9C487BA4872E825CaCdE922688f1B316595eD4da
349, 0xc2e7e53f986136DD18c1ade15c1a56f225269A3e
350, 0x7E58D0c4a28899d313262f4068Be719E2f645627
351, 0xdfA41d85bF9CB9895359c3772c8E883aB8dB6bb7
352, 0x630D5ff3Be3c9e889a6eAff52899B48D4e73DD8a
353, 0x5EaB4aF9Be5e3ebcb40c0B08A805c182c5CcCEC2
354, 0x832D15aEbc931529F7CE0f4ABCeb5233B351C16f
355, 0x1F34c9A67890E89668d449C4904fAC17A6aDFb1A
356, 0x9A04ab9430427789C2F85F106F5a57627eF010Ba
357, 0xBD895310fAcAb54c4be0663439977Bb694c00eeF
358, 0xBD895310fAcAb54c4be0663439977Bb694c00eeF
359, 0xa5b2eE569fF5Fea84261533b5804E69af4227979
360, 0xa5b2eE569fF5Fea84261533b5804E69af4227979
361, 0xf855adC3fe601EeB452d345332E70F715BA9bD2F
362, 0xa5b2eE569fF5Fea84261533b5804E69af4227979
363, 0x09557A412FDf6FFa883FE14C4e2febAFc37e993c
364, 0x09557A412FDf6FFa883FE14C4e2febAFc37e993c
365, 0x52E937a8266c55E15e709269D62773B4F7A70b3c
